2757304	1945-??-04	52.731686004000494	41.443259852000494	Russia	Tambow
2376398	1945-24-07	52.731686004000494	41.443259852000494	Russia	Tambow
2488559	1943-30-12	46.721380153000496	33.05328978200049	Poland	Krinki
2757305	1945-24-03	52.6549363150005	42.72235684700047	Russia	Kirsanow
2376262	1944-17-07	52.6549363150005	42.72235684700047	Russia	Kirsanow
2757306	????-??-??	52.6549363150005	42.72235684700047	Russia	Kirsanow
2757307	1945-23-02	52.6549363150005	42.72235684700047	Russia	Kirsanow
2757308	1944-31-12	52.6549363150005	42.72235684700047	Russia	Kirsanow
2517697	????-??-??	52.731686004000494	41.443259852000494	Russia	Tambow
3724525	1945-14-01	50.08363948600049	5.666889571000411	Belgium	Bertogne
2572961	1944-11-04	51.9591495570005	33.74391657500047	Ukraine	Rostov
2757309	1945-09-02	52.6549363150005	42.72235684700047	Russia	Kirsanow
2488676	????-??-??	52.5786590830005	14.628438342000436	Germany	Kustrin
2517698	1945-31-05	52.731686004000494	41.443259852000494	Russia	Tambow
2757396	1944-27-07	43.55638820000047	45.11860570900046	Russia	Kaluz
2757310	????-??-??	52.6549363150005	42.72235684700047	Russia	Kirsanow
2572930	1943-25-10	46.84850004100048	35.376479866000466	Russia	Melitopol
2757311	1945-03-02	52.6549363150005	42.72235684700047	Russia	Kirsanow
2757312	1945-28-04	52.731686004000494	41.443259852000494	Russia	Tambow
2375993	1945-19-04	52.731686004000494	41.443259852000494	Russia	Tambow
2375937	1945-04-02	51.66360678300049	16.08449563400046	Poland	Glogau
2757313	1944-09-12	52.6549363150005	42.72235684700047	Russia	Kirsanow
2757314	1945-19-04	52.6549363150005	42.72235684700047	Russia	Kirsanow
2376100	1945-09-02	52.6549363150005	42.72235684700047	Russia	Kirsanow
2757316	1945-20-05	52.731686004000494	41.443259852000494	Russia	Tambow
2757317	1945-29-04	52.731686004000494	41.443259852000494	Russia	Tambow
2757318	1944-29-10	52.731686004000494	41.443259852000494	Russia	Tambow
2463277	1945-01-01	52.40691832300047	16.92992561300042	Poland	Posen
2757319	1945-20-01	52.6549363150005	42.72235684700047	Russia	Kirsanow
2757286	1944-??-07	52.59159993500049	33.07394852600049	Russia	Bobruisk
2757320	????-??-??	52.731686004000494	41.443259852000494	Russia	Tambow
2757322	1944-02-11	52.6549363150005	42.72235684700047	Russia	Kirsanow
2757321	1945-30-01	52.731686004000494	41.443259852000494	Russia	Tambow
2757323	1944-29-11	52.731686004000494	41.443259852000494	Russia	Tambow
2572931	1943-15-06	47.26265981400047	11.394539311000415	Austria	Insbruck
2757325	1915-09-03	49.274809260000495	7.013597567000431	Germany	Herrensohr
2517682	1945-08-04	51.24999898600049	22.566669920000436	Poland	Lublin
2517700	1944-20-10	52.6549363150005	42.72235684700047	Russia	Kirsanov
2757326	1944-21-12	52.731686004000494	41.443259852000494	Russia	Tambow
2757324	1945-08-03	52.731686004000494	41.443259852000494	Russia	Tambow
2757327	1945-14-02	52.731686004000494	41.443259852000494	Russia	Tambow
2375827	1945-??-02	52.731686004000494	41.443259852000494	Russia	Tambow
2659051	1944-20-11	50.614398888000494	20.752057445000446	Poland	Chmielnik
2757328	1945-09-06	52.731686004000494	41.443259852000494	Russia	Tambow
2375767	1943-??-12	51.8574990780005	35.62789939400045	Russia	Darnitza
2375819	1944-21-06	52.731686004000494	41.443259852000494	Russia	Tambow
2375956	1945-??-09	52.731686004000494	41.443259852000494	Russia	Tambow
2375957	1945-30-04	52.6549363150005	42.72235684700047	Russia	Kirsanow
2757329	1915-02-12	49.64999946600051	6.549999205000461	Germany	Wawern
2375824	1945-09-03	52.731686004000494	41.443259852000494	Russia	Tambow
2757330	1944-25-12	52.731686004000494	41.443259852000494	Russia	Tambow
2757331	1945-24-03	52.731686004000494	41.443259852000494	Russia	Tambow
2757332	1945-16-01	52.731686004000494	41.443259852000494	Russia	Tambow
2757333	1944-30-10	52.731686004000494	41.443259852000494	Russia	Tambow
2757334	1945-05-03	52.731686004000494	41.443259852000494	Russia	Tambow
2537651	1944-01-10	51.099995797000474	17.033326437000426	Poland	Breslau
2517701	1943-19-12	52.731686004000494	41.443259852000494	Russia	Tambow
2757335	1945-??-02	52.731686004000494	41.443259852000494	Russia	Tambow
2517853	1945-01-02	54.70648876400048	20.510946341000476	Russia	Kaliningrad
2517884	1945-01-02	54.70648876400048	20.510946341000476	Russia	Kaliningrad
2757336	1945-22-01	52.731686004000494	41.443259852000494	Russia	Tambow
2757337	1945-18-05	52.731686004000494	41.443259852000494	Russia	Tambow
2463281	1945-02-02	NA	NA	Poland	Schitau
2488569	1944-??-03	57.81359804600049	28.349597255000447	Russia	Pleskau
2375796	????-??-??	54.70648876400048	20.510946341000476	Russia	Kaliningrad
2382314	1945-13-12	52.731686004000494	41.443259852000494	Russia	Tambow
2376271	1945-13-02	52.731686004000494	41.443259852000494	Russia	Tambow
2757287	????-??-??	52.22976904300049	21.011778898000443	Poland	Varsovie
2376409	1945-13-02	52.731686004000494	41.443259852000494	Russia	Tambow
2757338	1944-28-11	52.6549363150005	42.72235684700047	Russia	Kirsanow
2800607	1945-25-02	52.731686004000494	41.443259852000494	Russia	Tambow
2376287	1945-22-02	52.6549363150005	42.72235684700047	Russia	Kirsanow
2376410	1945-15-05	52.731686004000494	41.443259852000494	Russia	Tambow
2376411	1945-02-05	52.731686004000494	41.443259852000494	Russia	Tambow
2375838	1944-??-11	52.731686004000494	41.443259852000494	Russia	Tambow
2376101	1945-??-09	52.731686004000494	41.443259852000494	Russia	Tambow
2376030	1945-??-??	52.731686004000494	41.443259852000494	Russia	Tambow
2375992	????-??-??	52.5786590830005	14.628438342000436	Germany	Kustrin
2757339	1945-07-08	52.731686004000494	41.443259852000494	Russia	Tambow
2573051	????-??-??	53.916799840000465	30.34489569700048	Belarus	Mogilev
2376046	1945-22-03	52.731686004000494	41.443259852000494	Russia	Tambow
2517702	1944-01-09	52.6549363150005	42.72235684700047	Russia	Kirsanow
2375958	1944-01-09	52.6549363150005	42.72235684700047	Russia	Kirsanow
2757340	1945-12-03	52.731686004000494	41.443259852000494	Russia	Tambow
2375698	1945-??-02	54.70648876400048	20.510946341000476	Russia	Konigsberg
2757341	1945-02-02	52.731686004000494	41.443259852000494	Russia	Tambow
2375851	1945-12-05	52.731686004000494	41.443259852000494	Russia	Tambow
2376209	1945-12-09	52.6549363150005	42.72235684700047	Russia	Kirsanow
2634096	1944-??-04	55.190398323000466	30.204899620000447	Belarus	Vitebsk
2757342	1945-23-07	52.731686004000494	41.443259852000494	Russia	Tambow
2572932	1944-05-04	48.94358915200047	31.959226445000468	Ukraine	Balanino
2488672	1945-15-01	49.7359598380005	21.263009604000445	Poland	Biecz
2800599	1945-??-06	52.731686004000494	41.443259852000494	Russia	Tambow
2517864	1945-10-09	52.731686004000494	41.443259852000494	Russia	Tambow
2800600	1944-19-10	52.731686004000494	41.443259852000494	Russia	Tambow
2800601	1945-13-06	52.731686004000494	41.443259852000494	Russia	Tambow
2517936	1944-20-08	54.7514082780005	56.02864807500049	Russia	Wielgi
2488625	1944-??-06	53.89999833000047	27.566666731000453	Belarus	Minsk
2800602	1945-27-03	52.731686004000494	41.443259852000494	Russia	Tambow
2800603	1944-09-11	52.6549363150005	42.72235684700047	Russia	Kirsanow
2536102	????-??-??	49.2353972570005	6.981645902000423	Germany	Sarrebruck
2800604	1945-30-03	52.731686004000494	41.443259852000494	Russia	Tambow
2517706	1945-21-04	52.6549363150005	42.72235684700047	Russia	Kirsanow
2376102	1945-??-??	52.731686004000494	41.443259852000494	Russia	Tambow
2488627	1944-01-06	52.59159993500049	33.07394852600049	Russia	Bobruisk
2463284	1945-??-11	52.731686004000494	41.443259852000494	Russia	Tambow
2488628	1944-??-08	49.89153803300047	20.860808295000425	Poland	Janowice
2800606	1945-07-02	52.731686004000494	41.443259852000494	Russia	Tambow
2376251	1945-17-05	52.731686004000494	41.443259852000494	Russia	Tambow
2375942	1945-08-06	52.731686004000494	41.443259852000494	Russia	Tambow
2376031	????-??-??	52.731686004000494	41.443259852000494	Russia	Tambow
2537673	1944-01-11	50.69926585700051	17.384358287000452	Poland	Krau
2375881	1945-01-02	54.35204621700046	18.64636579900042	Poland	Danzig
2376320	1945-26-04	52.731686004000494	41.443259852000494	Russia	Tambow
2376052	1944-28-11	52.6549363150005	42.72235684700047	Russia	Kirsanow
2375852	1944-20-10	52.6549363150005	42.72235684700047	Russia	Kirsanow
2800608	1945-16-04	52.731686004000494	41.443259852000494	Russia	Tambow
2800610	1945-09-03	52.731686004000494	41.443259852000494	Russia	Tambow
2800611	1945-14-03	52.731686004000494	41.443259852000494	Russia	Tambow
2376291	1944-03-01	52.731686004000494	41.443259852000494	Russia	Tambow
2517708	1945-10-04	52.6549363150005	42.72235684700047	Russia	Kirsanow
2800612	1945-16-01	52.731686004000494	41.443259852000494	Russia	Tambow
2800613	????-??-??	52.731686004000494	41.443259852000494	Russia	Tambow
2800614	1944-24-11	52.731686004000494	41.443259852000494	Russia	Tambow
2375797	1945-01-01	54.70648876400048	20.510946341000476	Russia	Kaliningrad
2800615	1945-14-02	52.731686004000494	41.443259852000494	Russia	Tambow
2536122	????-??-??	55.190398323000466	30.204899620000447	Belarus	Vitebsk
2375994	1945-11-03	52.731686004000494	41.443259852000494	Russia	Tambow
2463287	1944-15-08	53.97261738600048	23.15017814100048	Poland	Tobolowo
2572935	1945-??-05	50.283957210000494	17.761199847000455	Poland	Pomorzowice
2800616	????-??-??	52.731686004000494	41.443259852000494	Russia	Tambow
2611274	1944-??-06	53.89999833000047	27.566666731000453	Belarus	Minsk
2488633	1914-11-03	47.87467750500048	7.657206954000458	Germany	Heitersheim
2488570	1944-??-06	53.89999833000047	27.566666731000453	Belarus	Minsk
2573006	1944-01-11	50.08332901400047	19.916666076000467	Poland	Krakau
2376263	1944-27-12	52.6549363150005	42.72235684700047	Russia	Kirsanow
2800617	????-??-??	52.731686004000494	41.443259852000494	Russia	Tambow
2800618	1945-07-05	52.731686004000494	41.443259852000494	Russia	Tambow
2800622	????-??-??	52.731686004000494	41.443259852000494	Russia	Tambow
2375907	1944-12-07	54.2166667300005	24.566665945000466	Lithuania	Varena
2376053	1945-22-05	52.731686004000494	41.443259852000494	Russia	Tambow
2800619	????-??-??	52.731686004000494	41.443259852000494	Russia	Tambow
2800621	????-??-??	52.731686004000494	41.443259852000494	Russia	Tambow
2517709	1945-??-01	52.731686004000494	41.443259852000494	Russia	Tambow
2800620	????-??-??	52.731686004000494	41.443259852000494	Russia	Tambow
2376103	1945-26-04	52.731686004000494	41.443259852000494	Russia	Tambow
2376054	1945-03-07	52.6549363150005	42.72235684700047	Russia	Kirsanow
2376252	1945-09-06	52.6549363150005	42.72235684700047	Russia	Kirsanow
2800623	1945-01-01	52.731686004000494	41.443259852000494	Russia	Tambow
2800624	1945-20-02	52.731686004000494	41.443259852000494	Russia	Tambow
2375821	1945-08-04	52.731686004000494	41.443259852000494	Russia	Tambow
2800625	????-??-??	52.731686004000494	41.443259852000494	Russia	Tambow
2376321	1945-20-02	52.731686004000494	41.443259852000494	Russia	Tambow
2375699	????-??-??	52.40691832300047	16.92992561300042	Poland	Posen
2376104	1944-??-11	52.731686004000494	41.443259852000494	Russia	Tambow
2375959	1945-12-03	52.731686004000494	41.443259852000494	Russia	Tambow
2375960	1945-??-08	52.731686004000494	41.443259852000494	Russia	Tambow
2376032	1945-13-02	52.6549363150005	42.72235684700047	Russia	Kirsanow
2376217	1945-14-08	52.6549363150005	42.72235684700047	Russia	Kirsanow
2375908	1944-27-07	50.916668565000464	16.28332849000043	Poland	Wolka
2517711	????-??-??	52.731686004000494	41.443259852000494	Russia	Tambow
2376412	1945-20-08	52.731686004000494	41.443259852000494	Russia	Tambow
2800628	1945-04-01	52.731686004000494	41.443259852000494	Russia	Tambow
2800629	????-??-??	52.731686004000494	41.443259852000494	Russia	Tambow
2757401	1945-28-02	52.6549363150005	42.72235684700047	Russia	Kirsanov
2800630	1945-14-01	52.731686004000494	41.443259852000494	Russia	Tambow
2375996	1945-??-02	52.731686004000494	41.443259852000494	Russia	Tambow
2800631	1945-02-01	52.731686004000494	41.443259852000494	Russia	Tambow
2517713	1945-18-04	52.731686004000494	41.443259852000494	Russia	Tambow
2800632	????-??-??	52.731686004000494	41.443259852000494	Russia	Tambow
2634069	1944-??-01	58.51666965700048	31.283327922000467	Russia	Novogorod
2375896	1943-03-11	52.2369999010005	24.93419783100046	Belarus	Borodok
2376173	1945-18-03	52.6549363150005	42.72235684700047	Russia	Kirsanow
2517857	1945-15-09	52.731686004000494	41.443259852000494	Russia	Tambow
2375997	1945-15-09	52.731686004000494	41.443259852000494	Russia	Tambow
2375867	1945-??-09	52.6549363150005	42.72235684700047	Russia	Kirsanow
2376055	1945-06-02	52.731686004000494	41.443259852000494	Russia	Tambow
2375998	1945-30-03	52.6549363150005	42.72235684700047	Russia	Kirsanow
2800633	1944-12-05	52.731686004000494	41.443259852000494	Russia	Tambow
2376326	1945-19-03	52.731686004000494	41.443259852000494	Russia	Tambow
2800634	1945-12-06	52.6549363150005	42.72235684700047	Russia	Kirsanow
2376230	1945-??-??	52.731686004000494	41.443259852000494	Russia	Tambow
2376292	1945-??-??	52.6549363150005	42.72235684700047	Russia	Kirsanow
2375656	1943-??-10	49.400636094000504	24.309585757000434	Ukraine	Khodoriv
2375858	1945-15-01	52.6549363150005	42.72235684700047	Russia	Kirsanow
2375843	1945-05-01	52.6549363150005	42.72235684700047	Russia	Kirsanow
2800626	????-??-??	52.731686004000494	41.443259852000494	Russia	Tambow
3724526	1945-04-01	49.935197658000504	5.74627602600043	Belgium	Villers-la-Bonne-Eau
2572938	1944-25-07	38.183329494000475	15.533326044000432	Italy	San
2376056	1945-22-01	52.731686004000494	41.443259852000494	Russia	Tambow
2376057	1945-??-??	52.731686004000494	41.443259852000494	Russia	Tambow
2376293	1945-??-09	52.731686004000494	41.443259852000494	Russia	Tambow
2376394	1945-09-08	52.731686004000494	41.443259852000494	Russia	Tambow
2800627	1945-03-02	52.731686004000494	41.443259852000494	Russia	Tambow
2517715	1945-05-06	52.731686004000494	41.443259852000494	Russia	Tambow
2488677	1944-01-10	53.49581719700046	13.311216229000422	Germany	Stargard
2634084	1943-01-12	59.18443740100048	34.299167303000445	Russia	Nevel
2375999	1945-09-04	52.6549363150005	42.72235684700047	Russia	Kirsanow
2376200	1945-24-04	52.6549363150005	42.72235684700047	Russia	Kirsanow
2572988	1944-15-02	59.3772182940005	28.19027989300048	Estonia	Narva
2376341	1944-01-08	50.44547937700048	18.86146921200043	Poland	Tarnowskie Gory
2488571	1910-24-03	51.02623834200051	11.516379499000436	Germany	Apolda
2376413	1944-11-04	52.6549363150005	42.72235684700047	Russia	Kirsanow
2757288	1944-??-06	53.89999833000047	27.566666731000453	Belarus	Minsk
2537607	1944-??-10	52.22976904300049	21.011778898000443	Poland	Warschau
2572957	1945-15-06	54.899998593000475	23.899996103000433	Lithuania	Kaunas
2517937	????-??-??	54.70648876400048	20.510946341000476	Russia	Konigsberg
2375865	1945-15-11	52.731686004000494	41.443259852000494	Russia	Tambow
2375779	1944-01-07	53.138395913000465	29.221399393000468	Belarus	Bobruisk
2572944	1944-??-11	55.190398323000466	30.204899620000447	Belarus	Vitebsk
2376105	1945-19-06	52.6549363150005	42.72235684700047	Russia	Kirsanow
2376437	1945-15-03	52.6549363150005	42.72235684700047	Russia	Kirsanow
2375943	1945-23-04	52.6549363150005	42.72235684700047	Russia	Kirsanow
2376328	1945-10-07	52.6549363150005	42.72235684700047	Russia	Kirsanow
2488690	????-??-??	52.965075794000484	36.078498409000474	Russia	Orel
2463339	????-??-??	48.858506202000456	8.209636433000412	Germany	Rastatt
2376106	1945-05-06	52.6549363150005	42.72235684700047	Russia	Kirsanow
2376058	1945-06-05	52.731686004000494	41.443259852000494	Russia	Tambow
2376000	1945-20-03	52.731686004000494	41.443259852000494	Russia	Tambow
2376059	1944-11-01	52.731686004000494	41.443259852000494	Russia	Tambow
2376183	1945-10-09	52.6549363150005	42.72235684700047	Russia	Kirsanow
3274289	1945-19-03	52.731686004000494	41.443259852000494	Russia	Tambow
2376061	1945-30-03	52.6549363150005	42.72235684700047	Russia	Kirsanow
2382304	1945-01-04	52.731686004000494	41.443259852000494	Russia	Tambow
2800668	????-??-??	NA	NA	Czechia	Mikulov
2376189	1945-15-03	52.731686004000494	41.443259852000494	Russia	Tambow
2376107	1945-29-04	52.731686004000494	41.443259852000494	Russia	Tambow
2375753	1944-11-10	49.39926821600051	21.37008660200047	Slovakia	Jedlinka
2376033	1945-30-04	52.731686004000494	41.443259852000494	Russia	Tambow
5501297	1945-18-07	52.731686004000494	41.443259852000494	Russia	Tambow
2382284	1943-01-09	54.78179858100049	32.040097768000464	Russia	Smolensk
2463361	1944-??-??	NA	NA	Russia	Makawetzewo
2517721	1944-30-11	NA	NA	Ukraine	Zaporizhia
2376400	1944-30-12	52.731686004000494	41.443259852000494	Russia	Tambow
2757348	1944-??-12	52.22976904300049	21.011778898000443	Poland	Varsovie
2376395	????-??-??	52.6549363150005	42.72235684700047	Russia	Kirsanow
2375962	1945-03-03	52.731686004000494	41.443259852000494	Russia	Tambow
2376001	1945-27-04	52.731686004000494	41.443259852000494	Russia	Tambow
2382285	1944-??-03	NA	NA	Russia	Ssmenkj
2572958	????-??-??	49.00471622700047	8.385827298000436	Germany	Karlsruhe
2488671	1945-??-02	56.699996365000516	25.116665639000473	Latvia	Mucenieki
2376108	1945-18-04	52.731686004000494	41.443259852000494	Russia	Tambow
2376109	1945-15-04	52.731686004000494	41.443259852000494	Russia	Tambow
2537646	1944-??-01	59.987976096000466	30.204197682000483	Russia	Jassy
2537595	1944-??-11	52.22976904300049	21.011778898000443	Poland	Warschau
2375720	1944-01-09	50.06716644800048	21.25613871400043	Poland	Czarna
2376259	1945-29-08	52.6549363150005	42.72235684700047	Russia	Kirsanow
2375798	1945-04-09	52.6549363150005	42.72235684700047	Russia	Kirsanow
2376414	1945-24-05	52.731686004000494	41.443259852000494	Russia	Tambow
2376415	1944-16-12	52.6549363150005	42.72235684700047	Russia	Kirsanow
2517868	1945-14-09	52.6549363150005	42.72235684700047	Russia	Kirsanow
2382315	1945-??-??	52.731686004000494	41.443259852000494	Russia	Tambow
2376110	1945-23-03	52.731686004000494	41.443259852000494	Russia	Tambow
2375749	1944-??-11	43.725829665000504	20.689436502000433	Serbia	Kraljevo
2376062	1945-20-03	52.6549363150005	42.72235684700047	Russia	Kirsanow
2376111	1945-??-07	52.6549363150005	42.72235684700047	Russia	Kirsanow
2375826	1944-24-12	52.731686004000494	41.443259852000494	Russia	Tambow
2375939	1944-??-06	53.916799840000465	30.34489569700048	Belarus	Mogilev
2488673	1943-13-08	55.299999597000465	32.58332556300047	Russia	Kisslowa
2376294	1945-28-04	52.731686004000494	41.443259852000494	Russia	Tambow
2376197	1945-19-03	52.6549363150005	42.72235684700047	Russia	Kirsanow
2517729	1943-30-12	52.731686004000494	41.443259852000494	Russia	Tambow
2375963	1945-??-01	52.731686004000494	41.443259852000494	Russia	Tambow
2376416	1945-10-01	52.6549363150005	42.72235684700047	Russia	Kirsanow
2376331	1945-25-08	52.731686004000494	41.443259852000494	Russia	Tambow
2375941	1945-??-10	52.731686004000494	41.443259852000494	Russia	Tambow
2536105	1945-01-02	45.45726702100046	28.29316776300044	Ukraine	Reni
2517732	1944-22-12	52.731686004000494	41.443259852000494	Russia	Tambow
2375750	1944-??-07	46.064848105000465	16.991358661000447	Croatia	Drava
2375737	1944-01-06	53.2520873250005	34.37166936900047	Russia	Brjanssk
2376329	1945-30-05	52.6549363150005	42.72235684700047	Russia	Kirsanow
2572962	1944-01-02	NA	NA	Russia	Kryntschewo
2572963	1944-19-08	46.840277795000475	29.64332695300044	Moldova	Tiraspol
2757413	1944-22-12	52.731686004000494	41.443259852000494	Russia	Tambow
4083334	1943-27-12	56.36839829000047	29.99019667200048	Russia	Sanki
2463291	1944-24-06	NA	NA	Belarus	Rowmoje
2537667	1945-01-04	52.22976904300049	21.011778898000443	Poland	Warschau
2517736	1945-17-04	52.731686004000494	41.443259852000494	Russia	Tambow
2375944	1945-30-03	52.731686004000494	41.443259852000494	Russia	Tambow
2376210	1944-24-09	52.731686004000494	41.443259852000494	Russia	Tambow
2611279	1944-??-11	51.90986993000047	42.74011677100049	Russia	Boreck
2572966	1945-08-06	52.6549363150005	42.72235684700047	Russia	Kirsanov
2517737	1944-01-10	52.6549363150005	42.72235684700047	Russia	Kirsanow
2376417	1945-??-01	52.731686004000494	41.443259852000494	Russia	Tambow
2376002	1944-01-05	52.6549363150005	42.72235684700047	Russia	Kirsanow
2375764	1944-06-04	NA	NA	Belarus	Sawtschenki
4083323	1944-23-01	56.940167052000504	28.312916510000434	Russia	Bliny
5184932	1945-07-02	52.6549363150005	42.72235684700047	Russia	Kirsanow
2463293	1945-??-02	48.56779599900051	13.949025631000438	Austria	Gotzendorf
2517738	1944-15-09	56.3530456520005	41.009408351000445	Russia	Kameschkowo
2611239	1945-01-02	50.87032717700049	20.62751749600045	Poland	Kielce
2659050	1944-28-03	56.75671833100051	31.54774695800046	Russia	Goloskowo
2375964	1945-23-06	52.731686004000494	41.443259852000494	Russia	Tambow
2375965	1945-16-04	52.731686004000494	41.443259852000494	Russia	Tambow
2611280	1944-06-11	50.08332901400047	19.916666076000467	Poland	Cracovie
2573078	1944-01-07	51.24999898600049	22.566669920000436	Poland	Lublin
2375966	1945-16-02	52.6549363150005	42.72235684700047	Russia	Kirsanow
2376003	1945-17-01	52.6549363150005	42.72235684700047	Russia	Kirsanow
2517862	1945-03-09	52.731686004000494	41.443259852000494	Russia	Tambow
2376165	????-??-??	53.125698040000486	47.20409864700048	Russia	Nikolayevka
2757349	1944-??-03	52.59159993500049	33.07394852600049	Russia	Bobruisk
2573080	1945-??-02	49.447778411000456	11.068327259000455	Germany	Nuremberg
2517740	1945-03-02	52.731686004000494	41.443259852000494	Russia	Tambow
2376272	1945-??-05	52.6549363150005	42.72235684700047	Russia	Kirsanow
2376220	1945-19-05	52.731686004000494	41.443259852000494	Russia	Tambow
2376004	1945-??-??	52.6549363150005	42.72235684700047	Russia	Kirsanow
2375780	1944-??-06	53.138395913000465	29.221399393000468	Belarus	Bobruisk
2376418	1945-??-??	52.731686004000494	41.443259852000494	Russia	Tambow
2463294	1944-01-10	55.96666943800051	22.849996278000447	Lithuania	Lapkasiai
2375945	1944-21-04	52.6549363150005	42.72235684700047	Russia	Kirsanow
2517742	1945-??-07	52.731686004000494	41.443259852000494	Russia	Tambow
2376260	1945-18-02	52.731686004000494	41.443259852000494	Russia	Tambow
2572967	1944-??-10	56.94599853500051	24.10588883300045	Latvia	Riga
2463295	1944-01-05	44.8456182970005	33.59347692500046	Ukraine	Alma
2376192	1944-31-12	52.731686004000494	41.443259852000494	Russia	Tambow
2376063	1944-15-11	52.731686004000494	41.443259852000494	Russia	Tambow
2463300	1945-??-01	50.08332901400047	19.916666076000467	Poland	Cracovie
2463299	1944-11-03	49.52154936500051	28.55013996000048	Ukraine	Kordilewka
2488575	1944-??-07	53.133329363000485	23.149998157000482	Poland	Bialystok
2375967	1944-02-06	52.731686004000494	41.443259852000494	Russia	Tambow
2375968	1945-21-04	52.731686004000494	41.443259852000494	Russia	Tambow
2572968	1944-23-08	50.08332901400047	19.916666076000467	Poland	Cracovie
2463301	1945-29-03	45.05373832900045	38.97952597800048	Russia	Kowel
2573012	1945-28-02	50.0514583420005	21.411406436000448	Poland	Debica
4083327	1944-05-03	NA	NA	Poland	Wolkowzy
2517890	1945-12-05	48.233309180000504	38.21136764300047	Ukraine	Yenakiieve
2375969	1945-02-05	52.731686004000494	41.443259852000494	Russia	Tambow
2375825	1944-29-11	52.6549363150005	42.72235684700047	Russia	Kirsanow
2463302	1945-28-04	48.723045722000506	37.55628877300046	Ukraine	Kramatorsk
2375946	1945-08-04	52.731686004000494	41.443259852000494	Russia	Tambow
3724527	1945-04-01	50.2518480600005	5.529957722000461	Belgium	Magoster
2376288	1945-??-01	52.6549363150005	42.72235684700047	Russia	Kirsanow
2488638	1944-??-06	55.190398323000466	30.204899620000447	Belarus	Vitebsk
2376348	1945-??-03	54.768379878000474	18.335130003000472	Poland	Lebcz
2375700	1944-??-11	54.70648876400048	20.510946341000476	Russia	Konigsberg
2757358	????-??-??	49.2353972570005	6.981645902000423	Germany	Saarbrucken
2376064	1945-??-03	52.731686004000494	41.443259852000494	Russia	Tambow
2376315	1945-??-01	52.731686004000494	41.443259852000494	Russia	Tambow
2375970	1945-09-03	52.6549363150005	42.72235684700047	Russia	Kirsanow
2572971	1944-13-08	52.40691832300047	16.92992561300042	Poland	Posen
2375866	1945-11-03	52.6549363150005	42.72235684700047	Russia	Kirsanow
2572996	1944-18-07	50.53257983300051	24.364760163000483	Ukraine	Steniatyn
2517942	1945-??-04	52.52436690100046	13.410526917000425	Germany	Berlin
2375831	1944-15-12	52.6549363150005	42.72235684700047	Russia	Kirsanow
2659063	1944-17-11	52.6549363150005	42.72235684700047	Russia	Kirsanow
2376112	1945-30-03	52.731686004000494	41.443259852000494	Russia	Tambow
2488640	1944-01-02	49.42853811800046	32.062069318000454	Ukraine	Cherkasy
2376420	1945-??-??	52.731686004000494	41.443259852000494	Russia	Tambow
2463306	1945-??-??	50.61689616600046	20.523657713000432	Poland	Kliszow
2517865	1945-10-09	52.731686004000494	41.443259852000494	Russia	Tambow
2375738	1944-??-08	51.50550881200047	31.28487578500045	Ukraine	Chernihiv
2375913	1944-20-02	49.55588581800049	25.605556256000455	Ukraine	Ternopol
2659095	1944-??-06	53.916799840000465	30.34489569700048	Belarus	Mogilev
2376421	1945-??-??	52.731686004000494	41.443259852000494	Russia	Tambow
2376193	1945-05-05	52.6549363150005	42.72235684700047	Russia	Kirsanow
2376034	1945-??-03	52.731686004000494	41.443259852000494	Russia	Tambow
2376317	1945-??-??	52.731686004000494	41.443259852000494	Russia	Tambow
2375816	1945-??-01	51.03332971300051	12.483325695000417	Germany	Windischleuba
2517745	1945-19-04	52.6549363150005	42.72235684700047	Russia	Kirsanow
2573085	1944-09-08	51.74776731500049	15.184139030000438	Poland	Wlostow
2376035	1945-01-05	52.731686004000494	41.443259852000494	Russia	Tambow
2659114	1944-04-04	49.42853811800046	32.062069318000454	Ukraine	Cherkasy
2659061	1944-??-06	53.916799840000465	30.34489569700048	Belarus	Mogilev
2375859	1945-??-05	52.6549363150005	42.72235684700047	Russia	Kirsanow
2376065	1945-17-02	52.6549363150005	42.72235684700047	Russia	Kirsanow
2659112	1945-08-09	NA	NA	Russia	Zolov
2376305	1943-26-12	52.731686004000494	41.443259852000494	Russia	Tambow
2572977	1944-15-01	54.48138723900047	35.07860613700046	Russia	Gridyaki
2375785	1944-14-04	47.866938191000486	28.183885960000453	Moldova	Gura
2376289	1945-??-??	52.731686004000494	41.443259852000494	Russia	Tambow
2537596	1944-??-07	55.73995705600049	37.41365593000046	Russia	Brest
2376330	1945-20-02	52.731686004000494	41.443259852000494	Russia	Tambow
2488674	1944-01-08	50.08332901400047	19.916666076000467	Poland	Krakow
2488594	1944-22-08	52.22976904300049	21.011778898000443	Poland	Varsovie
2376178	1945-01-03	52.6549363150005	42.72235684700047	Russia	Kirsanow
2376295	1945-17-04	52.731686004000494	41.443259852000494	Russia	Tambow
2376422	1945-??-04	52.731686004000494	41.443259852000494	Russia	Tambow
2376181	1945-06-05	52.731686004000494	41.443259852000494	Russia	Tambow
2376005	1945-28-08	52.731686004000494	41.443259852000494	Russia	Tambow
2375834	1945-02-06	52.6549363150005	42.72235684700047	Russia	Kirsanow
2376184	1945-24-05	52.731686004000494	41.443259852000494	Russia	Tambow
2517752	1945-17-05	52.731686004000494	41.443259852000494	Russia	Tambow
2517877	1945-03-10	52.731686004000494	41.443259852000494	Russia	Tambow
2517891	1945-20-03	52.731686004000494	41.443259852000494	Russia	Tambow
2488678	1944-06-05	NA	NA	Moldova	Plecari
2572980	1944-22-07	NA	NA	Poland	Palalucze
2517753	1944-07-09	52.731686004000494	41.443259852000494	Russia	Tambow
2382317	????-??-??	48.137427189000505	11.575486254000452	Germany	Munich
2375659	1944-??-07	53.68839560800046	23.825797688000478	Belarus	Grodno
2375873	1945-01-10	53.484109236000506	18.753658779000432	Poland	Grudziadz
2572953	1945-28-12	53.89999833000047	27.566666731000453	Belarus	Minsk
2376423	1945-11-08	52.731686004000494	41.443259852000494	Russia	Tambow
2517754	1945-13-05	52.731686004000494	41.443259852000494	Russia	Tambow
2375644	1944-31-03	47.70556901100048	40.19926874100048	Russia	Nikopol
2376006	1944-10-10	52.731686004000494	41.443259852000494	Russia	Tambow
2517756	1945-18-03	52.6549363150005	42.72235684700047	Russia	Kirsanow
2376270	1945-??-??	52.731686004000494	41.443259852000494	Russia	Tambow
2376066	1945-16-05	52.6549363150005	42.72235684700047	Russia	Kirsanow
2376113	1945-06-02	52.731686004000494	41.443259852000494	Russia	Tambow
2376236	1945-15-08	52.731686004000494	41.443259852000494	Russia	Tambow
2537597	1944-??-08	51.65500804600049	17.80685729600043	Poland	Ostrow
2376325	1945-02-03	52.731686004000494	41.443259852000494	Russia	Tambow
2376424	1944-10-10	52.731686004000494	41.443259852000494	Russia	Tambow
2537663	1943-01-01	48.71938754700051	44.50183644000049	Russia	Stalingrad
2572964	1945-??-04	46.81666839000047	15.666667212000448	Austria	Neufeld
2517758	1945-17-03	52.6549363150005	42.72235684700047	Russia	Kirsanow
2537636	1943-??-11	54.5080968690005	30.417199781000477	Belarus	Orsha
2376274	1945-14-08	52.6549363150005	42.72235684700047	Russia	Kirsanow
2376275	1945-17-03	52.6549363150005	42.72235684700047	Russia	Kirsanow
2376114	1945-??-02	52.731686004000494	41.443259852000494	Russia	Tambow
2376115	1945-05-05	52.6549363150005	42.72235684700047	Russia	Kirsanow
2376237	1945-24-04	52.731686004000494	41.443259852000494	Russia	Tambow
2375864	1945-10-03	52.731686004000494	41.443259852000494	Russia	Tambow
2488599	1944-20-09	52.22976904300049	21.011778898000443	Poland	Varsovie
2463313	1945-18-01	51.144487849000484	18.996119763000422	Poland	Pajeczno
2376047	1945-??-06	52.731686004000494	41.443259852000494	Russia	Tambow
2517761	1945-23-06	52.731686004000494	41.443259852000494	Russia	Tambow
2376425	1945-18-03	52.6549363150005	42.72235684700047	Russia	Kirsanow
2375730	????-??-??	53.138395913000465	29.221399393000468	Belarus	Bobruisk
2376179	1944-31-01	52.731686004000494	41.443259852000494	Russia	Tambow
2659096	1944-26-03	NA	NA	Estonie	Kirikukulo
2375915	1944-01-03	55.190398323000466	30.204899620000447	Belarus	Vitebsk
2375971	1944-24-12	52.6549363150005	42.72235684700047	Russia	Kirsanow
2376250	1944-23-04	53.44353633600048	41.8106477500005	Russia	Morschansk
2375806	1944-22-09	53.4289396310005	14.55301603500044	Poland	Stettin
2572985	1944-07-08	NA	NA	Lithuania	Tauguischi
3130980	1945-12-02	52.731686004000494	41.443259852000494	Russia	Tambow
2517763	1945-03-10	52.731686004000494	41.443259852000494	Russia	Tambow
2376238	1945-29-03	52.731686004000494	41.443259852000494	Russia	Tambow
2376426	1945-11-04	52.731686004000494	41.443259852000494	Russia	Tambow
2375972	1945-??-02	52.731686004000494	41.443259852000494	Russia	Tambow
2517893	1945-20-03	52.6549363150005	42.72235684700047	Russia	Kirsanow
2488580	1943-??-08	52.965075794000484	36.078498409000474	Russia	Orel
2376218	1945-16-01	52.6549363150005	42.72235684700047	Russia	Kirsanow
2572945	????-??-??	49.75138896900046	5.828888695000444	Luxembourg	Colpach
3724528	1945-06-01	50.010075514000505	5.528607841000451	Belgium	Tillet
2659065	1944-??-06	56.91195905600051	36.22861858800047	Russia	Orscha
2375886	????-??-??	48.04818660800049	10.882817720000446	Germany	Landsberg
2375887	????-??-??	48.04818660800049	10.882817720000446	Germany	Landsberg
2376116	1945-12-04	52.731686004000494	41.443259852000494	Russia	Tambow
2376007	1945-14-03	52.731686004000494	41.443259852000494	Russia	Tambow
2659081	????-??-??	52.22976904300049	21.011778898000443	Poland	Varsovie
2375973	1945-19-08	52.6549363150005	42.72235684700047	Russia	Kirsanow
2517766	????-??-??	52.731686004000494	41.443259852000494	Russia	Tambow
3719896	1944-16-05	41.38291906900048	13.686905891000436	Italy	Esperia
2376008	1945-14-04	52.731686004000494	41.443259852000494	Russia	Tambow
2375818	1945-24-02	52.731686004000494	41.443259852000494	Russia	Tambow
2517767	1944-21-11	52.6549363150005	42.72235684700047	Russia	Kirsanow
2376247	1944-25-10	52.731686004000494	41.443259852000494	Russia	Tambow
2611283	1944-01-10	51.40252645100048	21.147135886000456	Poland	Radom
2375897	1943-23-09	58.05712993500049	46.8267396330005	Russia	Potschinok
2376117	1945-06-01	52.731686004000494	41.443259852000494	Russia	Tambow
2463342	1943-01-10	59.149997457000495	33.94999828800047	Russia	Nowo
2517867	1903-11-08	49.06684671400046	7.700007156000424	Germany	Petersbachel
2376427	1945-22-06	52.731686004000494	41.443259852000494	Russia	Tambow
2375751	1944-??-09	43.725829665000504	20.689436502000433	Serbia	Kraljevo
2573091	1944-06-03	48.66753864800046	26.571026582000457	Russia	Stara
2463298	????-??-??	56.516669133000505	21.01666996400047	Latvia	Liepaja
2376202	1944-12-05	52.731686004000494	41.443259852000494	Russia	Tambow
2517943	1945-??-04	51.56970911500048	14.373549460000447	Germany	Spremberg
2375781	1944-22-02	57.78332923200048	27.81666904600047	Russia	Makarowa
2517769	1945-26-03	52.6549363150005	42.72235684700047	Russia	Kirsanow
2376221	1945-21-11	52.6549363150005	42.72235684700047	Russia	Kirsanow
2376067	1945-09-01	52.6549363150005	42.72235684700047	Russia	Kirsanow
2376264	1944-10-10	52.731686004000494	41.443259852000494	Russia	Tambow
2611271	1944-13-10	51.230736195000475	5.313486431000456	Belgium	Lommel
2376009	1945-05-01	52.731686004000494	41.443259852000494	Russia	Tambow
2573094	1944-28-06	52.59159993500049	33.07394852600049	Russia	Bobruisk
2376068	1945-09-05	52.731686004000494	41.443259852000494	Russia	Tambow
2573017	1944-01-11	50.08332901400047	19.916666076000467	Poland	Krakau
2375792	1945-??-01	53.587505560000466	18.63443735800047	Poland	Warlubie
2573096	1944-01-07	NA	NA	Russia	Koljugi
2463321	1944-20-07	55.2654928930005	39.14933913200048	Latvia	Rusaki
2572989	1945-12-02	59.8944383970005	30.26416836000044	Russia	Lenningrad
2376036	1945-20-04	52.731686004000494	41.443259852000494	Russia	Tambow
2573098	1944-16-05	55.190398323000466	30.204899620000447	Belarus	Vitebsk
2376223	1945-??-??	52.6549363150005	42.72235684700047	Russia	Kirsanow
2376246	1945-??-??	52.731686004000494	41.443259852000494	Russia	Tambow
2488541	1944-01-11	50.87032717700049	20.62751749600045	Poland	Kielce
2659066	????-??-??	56.91195905600051	36.22861858800047	Russia	Orscha
2572990	1944-13-10	48.022997843000496	37.802236948000484	Ukraine	Stalino
2517774	????-??-??	49.2353972570005	6.981645902000423	Germany	Sarrebruck
2659113	1944-15-02	57.91979762200049	38.78689807100045	Russia	Djakowo
2376428	1945-11-05	52.731686004000494	41.443259852000494	Russia	Tambow
2375974	1945-02-05	52.6549363150005	42.72235684700047	Russia	Kirsanow
2375820	1945-15-05	52.6549363150005	42.72235684700047	Russia	Kirsanow
2375704	????-??-??	54.5080968690005	30.417199781000477	Belarus	Orscha
2572946	1944-??-12	55.190398323000466	30.204899620000447	Belarus	Vitebsk
2376283	1945-15-12	52.731686004000494	41.443259852000494	Russia	Tambow
2375975	1945-10-01	52.731686004000494	41.443259852000494	Russia	Tambow
2572991	1944-03-09	52.731686004000494	41.443259852000494	Russia	Tambow
2375746	1944-??-06	53.138395913000465	29.221399393000468	Belarus	Bobruisk
2517878	1908-31-08	47.36666808400048	8.549999730000422	Switzerland	Zurich
2376069	1945-15-05	52.731686004000494	41.443259852000494	Russia	Tambow
2375898	1943-25-07	NA	NA	Russia	Iwanowskil
2573100	1944-01-10	52.22976904300049	21.011778898000443	Poland	Warschau
2463323	1944-16-02	41.482607723000456	12.67898633200042	Italy	Nettuno
2517776	1945-??-02	52.40691832300047	16.92992561300042	Poland	Posen
2463279	1945-10-02	52.6549363150005	42.72235684700047	Russia	Kirsanov
2375947	1945-16-06	52.731686004000494	41.443259852000494	Russia	Tambow
2376048	1945-07-04	52.731686004000494	41.443259852000494	Russia	Tambow
2376037	1945-25-02	52.731686004000494	41.443259852000494	Russia	Tambow
2376190	1945-05-02	52.731686004000494	41.443259852000494	Russia	Tambow
2517778	1945-27-04	52.731686004000494	41.443259852000494	Russia	Tambow
2376311	1945-27-04	52.731686004000494	41.443259852000494	Russia	Tambow
2376118	1945-25-06	52.731686004000494	41.443259852000494	Russia	Tambow
2611285	1945-01-01	50.08332901400047	19.916666076000467	Poland	Cracovie
2537617	1922-20-03	47.55839607100046	7.5732669030004445	Switzerland	Bale
2376119	1944-29-12	52.731686004000494	41.443259852000494	Russia	Tambow
2375976	1945-08-07	52.6549363150005	42.72235684700047	Russia	Kirsanow
2376070	1945-13-05	52.731686004000494	41.443259852000494	Russia	Tambow
2376121	1945-28-03	52.731686004000494	41.443259852000494	Russia	Tambow
2517859	1944-14-08	52.731686004000494	41.443259852000494	Russia	Tambow
2488649	1945-09-05	52.731686004000494	41.443259852000494	Russia	Tambow
2375977	1945-27-05	52.731686004000494	41.443259852000494	Russia	Tambow
2488695	1944-??-06	54.5080968690005	30.417199781000477	Belarus	Orscha
2382320	1944-02-07	52.41005904500048	23.20813749800044	Poland	Stolpce
2517869	1945-15-09	52.731686004000494	41.443259852000494	Russia	Tambow
2376071	1944-19-12	52.6549363150005	42.72235684700047	Russia	Kirsanow
2537669	1944-??-06	56.91195905600051	36.22861858800047	Russia	Orscha
2376194	1945-24-06	52.731686004000494	41.443259852000494	Russia	Tambow
2376429	1945-12-01	52.731686004000494	41.443259852000494	Russia	Tambow
2376296	1945-24-02	52.6549363150005	42.72235684700047	Russia	Kirsanow
2376010	1945-02-02	52.731686004000494	41.443259852000494	Russia	Tambow
2488619	1945-??-05	45.6486080410005	13.779998131000468	Italy	Trieste
2376072	1945-14-01	52.731686004000494	41.443259852000494	Russia	Tambow
2376280	1945-16-07	52.731686004000494	41.443259852000494	Russia	Tambow
2488652	1944-03-01	59.306178598000486	40.429738289000454	Russia	Bystrek
2488686	1945-01-01	52.731686004000494	41.443259852000494	Russia	Tambow
2488583	1943-??-08	52.965075794000484	36.078498409000474	Russia	Orel
2573018	????-??-??	50.08332901400047	19.916666076000467	Poland	Krakau
2376011	1944-24-12	52.6549363150005	42.72235684700047	Russia	Kirsanow
2488653	1944-01-11	52.22976904300049	21.011778898000443	Poland	Varsovie
2659118	1944-25-02	54.8622964380005	30.556696402000455	Belarus	Ossipenki
2376332	1945-??-02	52.731686004000494	41.443259852000494	Russia	Tambow
2517782	1945-16-03	52.731686004000494	41.443259852000494	Russia	Tambow
2517874	1945-27-09	52.731686004000494	41.443259852000494	Russia	Tambow
2375929	1944-09-02	56.39027984800049	42.01721992000046	Russia	Kosiki
2376406	1945-02-02	52.731686004000494	41.443259852000494	Russia	Tambow
2537573	1945-01-02	54.35204621700046	18.64636579900042	Poland	Gdansk
2573019	1944-01-11	52.22976904300049	21.011778898000443	Poland	Warschau
2517784	????-??-??	52.731686004000494	41.443259852000494	Russia	Tambow
2376073	1945-18-01	52.6549363150005	42.72235684700047	Russia	Kirsanow
4478939	1944-??-11	46.840277795000475	29.64332695300044	Moldova	Tiraspol
2488654	1944-25-01	NA	NA	Russia	Wolgovo
2634119	1944-??-10	56.94599853500051	24.10588883300045	Latvia	Riga
2517858	1945-01-09	52.731686004000494	41.443259852000494	Russia	Tambow
2376187	1945-06-04	52.731686004000494	41.443259852000494	Russia	Tambow
2375835	1945-13-03	52.6549363150005	42.72235684700047	Russia	Kirsanow
2488557	????-??-??	54.51888691200048	18.53187795900044	Poland	Gdnia
2375853	1945-??-04	52.731686004000494	41.443259852000494	Russia	Tambow
2517787	1945-19-04	52.731686004000494	41.443259852000494	Russia	Tambow
2659052	1944-07-01	59.70986927500047	28.46298719300046	Russia	Sobodka
2376278	1945-10-08	52.6549363150005	42.72235684700047	Russia	Kirsanow
2376074	1945-??-10	52.731686004000494	41.443259852000494	Russia	Tambow
2375854	1945-??-04	52.731686004000494	41.443259852000494	Russia	Tambow
2376301	1945-??-02	52.731686004000494	41.443259852000494	Russia	Tambow
2376012	1945-08-03	52.731686004000494	41.443259852000494	Russia	Tambow
2375935	1944-09-08	51.1790177850005	17.191365913000425	Poland	Dlugoleka
2488608	????-??-??	49.61110941700048	6.049999074000425	Luxembourg	Bertrange-Imeldange
2573112	1944-13-02	48.80453799100047	44.47438887600049	Russia	Gorodishche
2375846	1944-25-12	52.731686004000494	41.443259852000494	Russia	Tambow
2376361	1945-01-04	50.24999872400048	18.999998419000462	Poland	Silesia
2573022	1944-01-11	52.22976904300049	21.011778898000443	Poland	Warschau
2517689	????-??-??	52.731686004000494	41.443259852000494	Russia	Tambow
2488696	1944-23-06	54.5080968690005	30.417199781000477	Belarus	Orscha
2376122	1945-19-07	52.6549363150005	42.72235684700047	Russia	Kirsanow
2376123	1945-26-12	52.6549363150005	42.72235684700047	Russia	Kirsanow
2376399	1945-01-08	52.6549363150005	42.72235684700047	Russia	Kirsanow
2517793	????-??-??	52.731686004000494	41.443259852000494	Russia	Tambow
2376253	1945-21-08	52.731686004000494	41.443259852000494	Russia	Tambow
2572998	1943-10-09	NA	NA	Ukraine	Malvyy-Burkin
2517794	1924-07-09	49.98418931100048	8.279096769000432	Germany	Mayence
2376285	1945-07-04	52.731686004000494	41.443259852000494	Russia	Tambow
2376365	1945-??-02	54.70648876400048	20.510946341000476	Russia	Konisgberg
2463332	1945-01-03	52.52436690100046	13.410526917000425	Germany	Berlin
2375878	1944-??-07	NA	NA	Russia	Oswaja
2376075	1944-26-12	52.731686004000494	41.443259852000494	Russia	Tambow
2376076	1945-19-03	52.6549363150005	42.72235684700047	Russia	Kirsanow
2517899	1945-09-02	54.35204621700046	18.64636579900042	Poland	Gdansk
2517693	????-??-??	52.52436690100046	13.410526917000425	Germany	Berlin
2572999	1944-13-02	NA	NA	Belarus	Marjanawa
2376367	1944-01-10	49.298985615000504	19.94884722000046	Poland	Zakopane
2376369	1944-01-07	52.22976904300049	21.011778898000443	Poland	Varsovie
2376170	1945-26-02	52.731686004000494	41.443259852000494	Russia	Tambow
2573000	1943-09-10	NA	NA	Russia	Waulino
2537659	1944-??-07	55.190398323000466	30.204899620000447	Belarus	Vitebsk
2517872	1945-17-09	52.731686004000494	41.443259852000494	Russia	Tambow
2376077	1945-17-09	52.731686004000494	41.443259852000494	Russia	Tambow
2375883	1944-??-06	43.31666747300045	27.433325563000437	Bulgaria	Vetrino
2376078	1945-16-05	52.731686004000494	41.443259852000494	Russia	Tambow
2573119	1944-12-03	53.647278256000504	22.455367797000463	Poland	Grajewo
2375990	1945-01-03	52.5786590830005	14.628438342000436	Germany	Kustrin
2573120	1944-12-05	44.58882608400046	33.52239673200046	Ukraine	Sevastopol
2517928	1943-17-06	NA	NA	Bosnia-Herzegovina	Lucevica
2537600	????-??-??	53.89999833000047	27.566666731000453	Belarus	Minsk
2376235	1945-??-??	52.731686004000494	41.443259852000494	Russia	Tambow
2376124	1945-??-??	52.6549363150005	42.72235684700047	Russia	Kirsanow
2376207	1945-03-02	52.731686004000494	41.443259852000494	Russia	Tambow
2375849	1945-18-08	52.731686004000494	41.443259852000494	Russia	Tambow
2517797	1945-26-05	52.731686004000494	41.443259852000494	Russia	Tambow
2376226	1945-02-01	52.731686004000494	41.443259852000494	Russia	Tambow
2376239	1945-31-03	52.731686004000494	41.443259852000494	Russia	Tambow
2376195	1945-24-01	52.731686004000494	41.443259852000494	Russia	Tambow
2537575	1943-01-01	58.51666965700048	31.283327922000467	Russia	Brjasowa/nowgorod
2517854	1945-01-09	52.731686004000494	41.443259852000494	Russia	Tambow
2536106	1943-27-08	49.980805611000505	36.25271844900044	Ukraine	Kharkiv
2463333	1945-05-02	48.5608171180005	19.419536690000427	Slovakia	Detva
2376013	1945-14-01	52.731686004000494	41.443259852000494	Russia	Tambow
2376014	1945-02-06	52.6549363150005	42.72235684700047	Russia	Kirsanow
2488657	1942-28-09	50.02835739200049	19.200046167000437	Poland	Birkenau-Auschwitz
2375740	1945-03-04	52.731686004000494	41.443259852000494	Russia	Tambow
2757366	1943-??-08	56.328666816000464	44.00204779000046	Russia	Gorki
2573052	1944-01-02	49.42853811800046	32.062069318000454	Ukraine	Cherkasy
2573124	1944-22-01	45.35514858200048	36.52220853500046	Russia	Kiew
2572975	1944-??-08	52.22976904300049	21.011778898000443	Poland	Warschau
2573126	1945-??-02	51.65411712500048	14.223159305000422	Germany	Drebkau
2573001	1944-??-11	51.40252645100048	21.147135886000456	Poland	Radom
2659121	1944-22-11	45.43860717600046	12.326667596000448	Italy	Venise
2488697	1944-??-06	54.5080968690005	30.417199781000477	Belarus	Orscha
2517802	1945-20-05	52.731686004000494	41.443259852000494	Russia	Tambow
2488605	1945-01-01	54.35204621700046	18.64636579900042	Poland	Gdansk
2376204	1945-22-03	52.731686004000494	41.443259852000494	Russia	Tambow
2376408	1943-13-11	52.6549363150005	42.72235684700047	Russia	Kirsanow
2376038	1945-12-05	52.6549363150005	42.72235684700047	Russia	Kirsanow
2376279	1945-15-09	52.731686004000494	41.443259852000494	Russia	Tambow
2376286	1945-12-01	52.731686004000494	41.443259852000494	Russia	Tambow
2376430	1945-29-07	52.731686004000494	41.443259852000494	Russia	Tambow
2517804	1945-28-01	52.731686004000494	41.443259852000494	Russia	Tambow
2375948	1945-07-05	52.731686004000494	41.443259852000494	Russia	Tambow
2573129	1945-??-01	53.484109236000506	18.753658779000432	Poland	Graudenz
2517901	1945-26-03	50.08332901400047	19.916666076000467	Poland	Cracovie
2572943	1945-28-08	52.731686004000494	41.443259852000494	Russia	Tambow
2375978	1945-??-08	52.6549363150005	42.72235684700047	Russia	Kirsanow
2376015	1945-18-03	52.731686004000494	41.443259852000494	Russia	Tambow
2376125	1945-23-08	52.6549363150005	42.72235684700047	Russia	Kirsanow
2376431	1945-02-02	52.731686004000494	41.443259852000494	Russia	Tambow
2376432	1945-27-03	52.731686004000494	41.443259852000494	Russia	Tambow
2517856	1945-01-09	52.731686004000494	41.443259852000494	Russia	Tambow
2757295	1944-01-11	51.78429957300051	21.19090800200047	Poland	Warka
2517808	1945-15-10	52.731686004000494	41.443259852000494	Russia	Tambow
2376126	1944-11-11	52.731686004000494	41.443259852000494	Russia	Tambow
2517809	1945-02-05	52.731686004000494	41.443259852000494	Russia	Tambow
2375801	1945-01-01	55.717216074000476	21.11749701700046	Lithuania	Klaipeda
2375734	1945-01-07	53.4289396310005	14.55301603500044	Poland	Stettin
2572950	1945-??-01	53.207208307000485	50.17986908300048	Russia	Letzi
2376433	1945-25-01	52.731686004000494	41.443259852000494	Russia	Tambow
2659084	????-??-??	54.35204621700046	18.64636579900042	Poland	Gdansk
2375949	1945-26-03	52.731686004000494	41.443259852000494	Russia	Tambow
2375638	1943-01-08	44.92933786800046	37.99116618300047	Russia	Krimskaja
2376079	1945-02-02	52.731686004000494	41.443259852000494	Russia	Tambow
2376080	1945-??-06	52.731686004000494	41.443259852000494	Russia	Tambow
2537671	1944-??-11	52.22976904300049	21.011778898000443	Poland	Warschau
2376434	1945-02-03	52.731686004000494	41.443259852000494	Russia	Tambow
2376081	1944-19-11	52.731686004000494	41.443259852000494	Russia	Tambow
2488688	1944-30-01	58.51666965700048	31.283327922000467	Russia	Novgorod
2375707	1944-??-10	48.47376784300047	7.94494742100045	Germany	Offenbourg
2572948	1944-??-??	55.190398323000466	30.204899620000447	Belarus	Vitebsk
2573027	1917-02-03	51.45656665500047	7.01227918400042	Germany	Essen
2376127	1944-20-12	52.731686004000494	41.443259852000494	Russia	Tambow
2611241	1944-01-11	50.87032717700049	20.62751749600045	Poland	Kielce
2659127	1944-06-01	NA	NA	Russia	Germatski
2376273	1945-15-05	52.731686004000494	41.443259852000494	Russia	Tambow
2376435	1945-15-03	52.731686004000494	41.443259852000494	Russia	Tambow
2375747	1944-??-06	53.138395913000465	29.221399393000468	Belarus	Bobruisk
2517813	1944-04-07	56.3530456520005	41.009408351000445	Russia	Kameschkowo
2376322	1945-14-07	52.6549363150005	42.72235684700047	Russia	Kirsanow
2757356	1944-01-11	52.22976904300049	21.011778898000443	Poland	Varsovie
2376128	1945-??-??	52.6549363150005	42.72235684700047	Russia	Kirsanow
2375787	????-??-??	45.44999566600046	28.049995841000452	Romania	Galati
2376049	1945-??-11	52.731686004000494	41.443259852000494	Russia	Tambow
2376129	1945-23-02	52.731686004000494	41.443259852000494	Russia	Tambow
2375847	1945-29-03	52.731686004000494	41.443259852000494	Russia	Tambow
2376029	1945-09-07	52.731686004000494	41.443259852000494	Russia	Tambow
2488659	1945-21-01	52.44428750700047	15.116757509000422	Poland	Sulecin
2488660	1944-06-04	59.3772182940005	28.19027989300048	Estonia	Narva
2376182	1945-02-09	52.731686004000494	41.443259852000494	Russia	Tambow
2517906	1944-01-08	49.980805611000505	36.25271844900044	Ukraine	Kharkiv
2375979	1945-02-06	52.6549363150005	42.72235684700047	Russia	Kirsanow
2375832	1945-20-03	52.6549363150005	42.72235684700047	Russia	Kirsanow
2517930	1945-01-01	44.26935893300049	20.848879853000426	Serbia	Petrovac
2375950	1945-08-06	52.6549363150005	42.72235684700047	Russia	Kirsanow
2375899	1943-08-11	55.48789842400049	28.78559956500044	Belarus	Polozk
2375860	1945-??-05	52.731686004000494	41.443259852000494	Russia	Tambow
2659119	1944-25-05	51.21525756900047	24.708668844000442	Ukraine	Kovel
2376212	1945-16-03	52.731686004000494	41.443259852000494	Russia	Tambow
2573134	1944-01-11	50.08332901400047	19.916666076000467	Poland	Krakau
2488663	1943-28-12	51.73850713700051	32.34148552400046	Ukraine	Bechi
2517814	1945-10-08	52.6549363150005	42.72235684700047	Russia	Kirsanow
2517931	????-??-??	44.80400599000046	20.465126906000478	Serbia	Belgrade
2573135	1944-16-07	65.3666683030005	25.266668828000434	Finland	Koyka
2376284	1945-12-01	52.731686004000494	41.443259852000494	Russia	Tambow
2517815	????-??-??	52.731686004000494	41.443259852000494	Russia	Tambow
2376436	1945-13-05	52.731686004000494	41.443259852000494	Russia	Tambow
4083331	1945-30-04	48.673788593000495	16.18131804300043	Austria	Mailberg
2376265	1945-21-07	52.6549363150005	42.72235684700047	Russia	Kirsanow
2375951	1945-30-07	52.731686004000494	41.443259852000494	Russia	Tambow
2517908	1944-22-12	52.6549363150005	42.72235684700047	Russia	Kirsanow
2376130	1945-??-09	52.731686004000494	41.443259852000494	Russia	Tambow
2375726	????-??-??	46.830558658000484	29.471109235000483	Moldova	Tighina
2536134	1944-28-01	53.888888816000474	36.80388804000046	Russia	Krivoye
2375667	1943-01-08	49.980805611000505	36.25271844900044	Ukraine	Kharkiv
2376404	1945-23-01	52.731686004000494	41.443259852000494	Russia	Tambow
2375871	1945-11-03	52.731686004000494	41.443259852000494	Russia	Tambow
2376206	1945-22-02	52.731686004000494	41.443259852000494	Russia	Tambow
2375980	1945-??-??	52.6549363150005	42.72235684700047	Russia	Kirsanow
2376131	1944-22-12	52.731686004000494	41.443259852000494	Russia	Tambow
2517880	1945-11-10	52.731686004000494	41.443259852000494	Russia	Tambow
2375741	1944-??-06	53.138395913000465	29.221399393000468	Belarus	Bobruisk
2634122	1944-??-06	53.89999833000047	27.566666731000453	Belarus	Minsk
2375981	1944-12-12	52.6549363150005	42.72235684700047	Russia	Kirsanow
2376374	1944-01-08	51.24999898600049	22.566669920000436	Poland	Lublin
2375742	????-??-??	53.138395913000465	29.221399393000468	Belarus	bobruisk
2537637	1943-??-12	47.70556901100048	40.19926874100048	Russia	Nikopol
2572951	1945-26-04	53.207208307000485	50.17986908300048	Russia	Letzi
2375857	1945-09-04	52.6549363150005	42.72235684700047	Russia	Kirsanow
2488670	1944-12-12	52.731686004000494	41.443259852000494	Russia	Tambow
2376303	1944-20-07	52.6549363150005	42.72235684700047	Russia	Kirsanow
2376254	1945-13-05	52.731686004000494	41.443259852000494	Russia	Tambow
2376397	1945-14-01	52.731686004000494	41.443259852000494	Russia	Tambow
2376438	1945-??-??	52.731686004000494	41.443259852000494	Russia	Tambow
2376310	1945-15-02	52.731686004000494	41.443259852000494	Russia	Tambow
2375982	1945-13-01	52.731686004000494	41.443259852000494	Russia	Tambow
4478940	????-??-??	49.31283988500047	7.08273843100045	Germany	Altenwald
2376175	1945-15-12	52.731686004000494	41.443259852000494	Russia	Tambow
2375952	1945-10-09	52.731686004000494	41.443259852000494	Russia	Tambow
2382201	1943-26-07	NA	NA	Russia	Jersunowo
2573138	1945-29-01	52.27949863000049	16.730116343000475	Poland	Debiensko
2376255	1945-??-04	52.731686004000494	41.443259852000494	Russia	Tambow
2376393	1945-03-02	52.6549363150005	42.72235684700047	Russia	Kirsanow
2488679	1945-26-01	46.96590664700045	31.997396557000457	Ukraine	Nikolajew
2376324	1945-??-07	52.6549363150005	42.72235684700047	Russia	Kirsanow
2375953	1945-23-03	52.731686004000494	41.443259852000494	Russia	Tambow
2376377	1944-??-06	53.89999833000047	27.566666731000453	Belarus	Minsk
2517822	1945-09-01	52.6549363150005	42.72235684700047	Russia	Kirsanow
2376379	1944-??-11	52.52436690100046	13.410526917000425	Germany	Berlin
2376174	1944-03-05	52.6549363150005	42.72235684700047	Russia	Kirsanow
2375890	1943-01-12	58.51666965700048	31.283327922000467	Russia	Novgorod
2376290	1945-25-12	52.731686004000494	41.443259852000494	Russia	Tambow
2376402	1945-04-03	52.6549363150005	42.72235684700047	Russia	Kirsanow
2375833	1944-09-12	52.731686004000494	41.443259852000494	Russia	Tambow
2517826	1945-04-01	52.6549363150005	42.72235684700047	Russia	Kirsanow
2376082	1945-30-05	52.731686004000494	41.443259852000494	Russia	Tambow
2376134	1945-??-08	52.731686004000494	41.443259852000494	Russia	Tambow
2611290	1945-01-01	50.08332901400047	19.916666076000467	Poland	Cracovie
2375861	1945-24-04	52.731686004000494	41.443259852000494	Russia	Tambow
2757352	1943-01-08	52.965075794000484	36.078498409000474	Russia	Orel
2376327	1945-??-??	52.731686004000494	41.443259852000494	Russia	Tambow
2659068	????-??-??	53.916799840000465	30.34489569700048	Belarus	Mogilev
2517910	1943-01-10	51.50471688300047	34.392776996000464	Russia	Akimowka
2757296	1944-01-11	52.22976904300049	21.011778898000443	Poland	Varsoie
2375862	1945-24-04	52.731686004000494	41.443259852000494	Russia	Tambow
2376231	1944-01-12	52.731686004000494	41.443259852000494	Russia	Tambow
2537639	1944-??-04	52.45489756600051	54.09369827900048	Russia	Beressowka
2517870	1945-14-09	52.731686004000494	41.443259852000494	Russia	Tambow
2573142	1943-??-01	59.8944383970005	30.26416836000044	Russia	Leningrad
2376016	1944-27-09	52.731686004000494	41.443259852000494	Russia	Tambow
2659104	????-??-??	52.731686004000494	41.443259852000494	Russia	Tambow
2757302	1944-??-01	58.38332848900052	33.91666974500049	Russia	Borowitschi
2376135	1945-30-01	52.731686004000494	41.443259852000494	Russia	Tambow
2537586	1945-??-05	NA	NA	Czechia	Pisek
2375983	1945-09-03	52.731686004000494	41.443259852000494	Russia	Tambow
2382200	????-??-??	52.40691832300047	16.92992561300042	Poland	Posen
2376084	1945-??-05	52.731686004000494	41.443259852000494	Russia	Tambow
2517866	1945-10-09	52.731686004000494	41.443259852000494	Russia	Tambow
2537682	1944-??-09	52.22976904300049	21.011778898000443	Poland	Warschau
2376136	1944-02-10	52.6549363150005	42.72235684700047	Russia	Kirsanow
2376137	1945-19-02	52.6549363150005	42.72235684700047	Russia	Kirsanow
2376232	1944-26-10	52.731686004000494	41.443259852000494	Russia	Tambow
2376297	1945-12-03	52.731686004000494	41.443259852000494	Russia	Tambow
2537660	????-??-??	46.840277795000475	29.64332695300044	Moldova	Tiraspol
2537591	1943-25-12	52.731686004000494	41.443259852000494	Russia	Tambow
2376277	1945-08-05	52.731686004000494	41.443259852000494	Russia	Tambow
2573144	1944-??-06	55.190398323000466	30.204899620000447	Belarus	Vitebsk
2488589	1944-??-06	53.89999833000047	27.566666731000453	Belarus	Minsk
2376256	1945-08-08	52.731686004000494	41.443259852000494	Russia	Tambow
2537623	1945-28-02	48.884356408000485	8.698918515000457	Germany	Pforzheim
2488553	1944-27-06	53.916799840000465	30.34489569700048	Belarus	Moguilew
3801411	1943-25-07	52.361526351000464	36.16401782000048	Russia	Stepnaya
5000654	1944-21-07	NA	NA	Ukraine	Kniaze
2375811	1919-19-03	49.98418931100048	8.279096769000432	Germany	Mayence
2573147	1944-25-02	52.6549363150005	42.72235684700047	Russia	Kirsanow
2573145	1944-??-12	47.498006930000486	19.03990987700047	Hungary	Budapest
2536104	1944-??-??	49.42853811800046	32.062069318000454	Ukraine	Cherkasy
4083329	1943-19-10	49.83867672400049	35.62071803200047	Ukraine	Valky
2376188	1944-27-12	52.731686004000494	41.443259852000494	Russia	Tambow
2375844	1945-10-06	52.731686004000494	41.443259852000494	Russia	Tambow
2517911	1945-23-01	50.49806621100049	19.080586268000445	Poland	Zendek
2376191	1944-16-11	52.731686004000494	41.443259852000494	Russia	Tambow
2376050	1945-11-04	52.731686004000494	41.443259852000494	Russia	Tambow
2517873	1945-19-09	52.731686004000494	41.443259852000494	Russia	Tambow
2376138	1945-??-??	52.731686004000494	41.443259852000494	Russia	Tambow
2376017	1944-28-11	52.6549363150005	42.72235684700047	Russia	Kirsanow
2488555	1945-10-06	49.3396575050005	9.106888312000422	Germany	Neckarelz
2488554	1943-28-07	44.91549709600048	37.87123832500049	Russia	Mekkerstuk
2517832	1945-23-08	52.6549363150005	42.72235684700047	Russia	Kirsanow
2757345	1920-21-03	47.05047664200049	8.306346351000457	Switzerland	Lucerne
2376201	1944-27-06	52.6549363150005	42.72235684700047	Russia	Kirsanow
2376244	1945-22-02	52.731686004000494	41.443259852000494	Russia	Tambow
2573148	1945-??-04	50.08332901400047	19.916666076000467	Poland	Krakau
2376039	1945-14-05	52.731686004000494	41.443259852000494	Russia	Tambow
2375701	1945-01-08	52.40691832300047	16.92992561300042	Poland	Posen
2573151	1945-26-06	44.87082956000046	20.640278364000437	Serbia	Pancevo
2375869	1945-14-06	52.731686004000494	41.443259852000494	Russia	Tambow
2376018	1945-14-04	52.731686004000494	41.443259852000494	Russia	Tambow
2375709	????-??-??	57.925957575000496	29.36331680000046	Russia	Dubrowno
2376085	1945-01-03	52.731686004000494	41.443259852000494	Russia	Tambow
2572986	1944-??-??	51.40252645100048	21.147135886000456	Poland	Radom
2376139	1945-17-06	52.6549363150005	42.72235684700047	Russia	Kirsanow
2376086	1945-??-??	52.731686004000494	41.443259852000494	Russia	Tambow
2536109	1944-25-02	NA	NA	Russia	Ritschki
2488602	1944-01-10	52.22976904300049	21.011778898000443	Poland	Varsovie
2376087	1945-??-??	52.731686004000494	41.443259852000494	Russia	Tambow
2659070	1944-??-06	53.916799840000465	30.34489569700048	Belarus	Mogilev
2375855	1945-04-05	52.731686004000494	41.443259852000494	Russia	Tambow
2376140	1944-16-01	52.6549363150005	42.72235684700047	Russia	Kirsanow
2376088	1945-08-03	52.731686004000494	41.443259852000494	Russia	Tambow
2573152	1944-11-05	44.8456182970005	33.59347692500046	Ukraine	Alma
2375984	1945-28-06	52.6549363150005	42.72235684700047	Russia	Kirsanow
2375718	1944-01-10	56.94599853500051	24.10588883300045	Latvia	Riga
2517836	1945-14-01	52.731686004000494	41.443259852000494	Russia	Tambow
2376242	1945-27-05	52.731686004000494	41.443259852000494	Russia	Tambow
2375710	1944-??-06	54.5080968690005	30.417199781000477	Belarus	Orscha
2375932	1945-10-03	52.6549363150005	42.72235684700047	Russia	Kirsanow
2517690	????-??-??	52.59159993500049	33.07394852600049	Russia	Bobruisk
2573153	1944-21-12	NA	NA	Latvia	Brammani
2488595	1944-??-11	52.22976904300049	21.011778898000443	Poland	Warschau
2376308	1945-01-01	52.731686004000494	41.443259852000494	Russia	Tambow
2376156	1945-??-??	52.22976904300049	21.011778898000443	Poland	Varsovie
2375933	1944-30-06	NA	NA	Russia	Bol-Starkoff
2572972	1943-01-09	48.567049065000504	39.31705902600049	Ukraine	Luhansk
2659077	1943-26-12	52.731686004000494	41.443259852000494	Russia	Tambow
2376243	1945-12-02	52.731686004000494	41.443259852000494	Russia	Tambow
2517837	1945-27-08	52.731686004000494	41.443259852000494	Russia	Tambow
2376313	1945-??-02	52.731686004000494	41.443259852000494	Russia	Tambow
2517839	1945-20-01	52.6549363150005	42.72235684700047	Russia	Kirsanow
2376051	1945-02-05	52.731686004000494	41.443259852000494	Russia	Tambow
2376203	1945-13-02	52.731686004000494	41.443259852000494	Russia	Tambow
2376316	1945-20-01	52.6549363150005	42.72235684700047	Russia	Kirsanow
2573154	1944-07-11	NA	NA	Poland	Liedzel
2573155	1945-27-01	53.484109236000506	18.753658779000432	Poland	Graudenz
2376141	1945-??-05	52.731686004000494	41.443259852000494	Russia	Tambow
2376142	1945-18-10	52.6549363150005	42.72235684700047	Russia	Kirsanow
2376216	1945-04-06	52.731686004000494	41.443259852000494	Russia	Tambow
2376040	1945-24-03	52.6549363150005	42.72235684700047	Russia	Kirsanow
2376019	1945-13-08	52.6549363150005	42.72235684700047	Russia	Kirsanow
2376257	1944-17-10	52.6549363150005	42.72235684700047	Russia	Kirsanow
2488681	1945-01-01	52.22976904300049	21.011778898000443	Poland	Varsovie
2375985	1944-11-08	52.731686004000494	41.443259852000494	Russia	Tambow
2376199	1945-11-03	52.6549363150005	42.72235684700047	Russia	Kirsanow
2376020	1944-30-01	52.6549363150005	42.72235684700047	Russia	Kirsanow
2376180	1945-19-04	52.731686004000494	41.443259852000494	Russia	Tambow
2376143	1945-03-01	52.731686004000494	41.443259852000494	Russia	Tambow
2376144	1945-14-05	52.731686004000494	41.443259852000494	Russia	Tambow
2376186	1945-13-01	52.731686004000494	41.443259852000494	Russia	Tambow
2376318	1945-27-07	52.6549363150005	42.72235684700047	Russia	Kirsanow
2376021	1945-27-04	52.731686004000494	41.443259852000494	Russia	Tambow
2537665	1943-??-08	45.35514858200048	36.52220853500046	Russia	Kiew
2376233	1944-??-10	52.6549363150005	42.72235684700047	Russia	Kirsanow
2376205	1944-11-11	52.731686004000494	41.443259852000494	Russia	Tambow
2573158	1944-01-06	NA	NA	Russia	Karatschjew
2463347	1943-01-02	54.35204621700046	18.64636579900042	Poland	Gdansk
2376089	1945-10-06	52.731686004000494	41.443259852000494	Russia	Tambow
2517840	1944-21-04	45.35514858200048	36.52220853500046	Russia	Kiew
2517875	1925-15-05	52.52436690100046	13.410526917000425	Germany	Berlin
2611242	1944-01-12	50.08332901400047	19.916666076000467	Poland	Krakau
2537677	1944-??-12	54.35204621700046	18.64636579900042	Poland	Gdansk
2517841	1944-08-10	52.731686004000494	41.443259852000494	Russia	Tambow
2757361	1942-01-08	52.965075794000484	36.078498409000474	Russia	Orel
2375961	1945-14-03	52.6549363150005	42.72235684700047	Russia	Kirsanow
2375828	1945-17-01	52.6549363150005	42.72235684700047	Russia	Kirsanow
2376229	1945-14-07	52.731686004000494	41.443259852000494	Russia	Tambow
2611250	1945-24-04	52.731686004000494	41.443259852000494	Russia	Tambow
3724529	1944-24-12	50.16309793500051	5.221595585000443	Belgium	Rochefort
3719898	1944-25-05	42.66666865200045	13.216666119000422	Italy	Cassino
2572952	1945-??-01	53.207208307000485	50.17986908300048	Russia	Letzi
2376306	1945-10-02	52.731686004000494	41.443259852000494	Russia	Tambow
2659106	1944-19-07	56.13654736400048	40.396576232000484	Russia	Wladimir
2800653	1944-??-04	41.58950923700047	12.650089896000452	Italy	Aprilla
2800659	1945-24-05	52.731686004000494	41.443259852000494	Russia	Tambow
2375920	1944-06-03	NA	NA	Belarus	Plesowitschi
2517876	1945-??-??	52.731686004000494	41.443259852000494	Russia	Tambow
2376227	1945-14-06	52.731686004000494	41.443259852000494	Russia	Tambow
2376090	1944-??-??	52.731686004000494	41.443259852000494	Russia	Tambow
2376323	1945-09-05	52.731686004000494	41.443259852000494	Russia	Tambow
2375991	????-??-??	52.5786590830005	14.628438342000436	Germany	Kustrin
2376222	1945-06-05	52.6549363150005	42.72235684700047	Russia	Kirsanow
2375783	????-??-??	54.70648876400048	20.510946341000476	Russia	Kaliningrad
2572949	1944-??-12	55.190398323000466	30.204899620000447	Belarus	Vitebsk
2376298	1945-23-02	52.6549363150005	42.72235684700047	Russia	Kirsanow
2488699	1944-01-06	52.1804984150005	30.42949718900047	Belarus	Orel
2517871	1945-16-09	52.6549363150005	42.72235684700047	Russia	Kirsanow
2376219	1944-03-10	52.731686004000494	41.443259852000494	Russia	Tambow
2376022	1945-19-05	52.6549363150005	42.72235684700047	Russia	Kirsanow
2376145	1945-??-??	52.6549363150005	42.72235684700047	Russia	Kirsanow
2376440	1945-??-??	52.731686004000494	41.443259852000494	Russia	Tambow
2376041	1944-25-11	52.6549363150005	42.72235684700047	Russia	Kirsanow
2376196	1945-??-01	52.731686004000494	41.443259852000494	Russia	Tambow
2517881	1945-12-10	52.731686004000494	41.443259852000494	Russia	Tambow
2375986	1944-03-12	52.731686004000494	41.443259852000494	Russia	Tambow
2573166	1945-27-01	NA	NA	Poland	Domingen
2800641	1944-12-05	45.35514858200048	36.52220853500046	Russia	Kiew
2376441	1945-08-01	52.731686004000494	41.443259852000494	Russia	Tambow
2376224	1945-??-09	52.731686004000494	41.443259852000494	Russia	Tambow
2517847	1945-29-01	52.731686004000494	41.443259852000494	Russia	Tambow
2375836	1945-??-02	52.731686004000494	41.443259852000494	Russia	Tambow
2517848	1945-07-06	52.6549363150005	42.72235684700047	Russia	Kirsanow
2376442	1945-09-05	52.731686004000494	41.443259852000494	Russia	Tambow
2488591	????-??-??	49.710519096000496	6.592515932000424	Germany	Karthaus
2375829	1945-20-01	52.731686004000494	41.443259852000494	Russia	Tambow
2517849	1944-30-01	52.6549363150005	42.72235684700047	Russia	Kirsanow
2376043	1945-30-01	52.731686004000494	41.443259852000494	Russia	Tambow
2376396	1945-30-08	52.731686004000494	41.443259852000494	Russia	Tambow
2375892	1943-01-07	NA	NA	Russia	Chitrowe
2375839	1945-20-01	52.731686004000494	41.443259852000494	Russia	Tambow
2376023	1945-22-02	52.731686004000494	41.443259852000494	Russia	Tambow
2376044	1945-18-05	52.731686004000494	41.443259852000494	Russia	Tambow
2376146	1945-01-07	52.731686004000494	41.443259852000494	Russia	Tambow
3724530	1945-02-01	49.94144760400047	5.761088712000458	Belgium	Lutremange
2488592	1944-??-06	55.190398323000466	30.204899620000447	Belarus	Vitebsk
2573169	1945-??-??	47.498006930000486	19.03990987700047	Hungary	Budapest
2376024	1945-04-08	52.731686004000494	41.443259852000494	Russia	Tambow
2375893	1944-13-10	56.91195905600051	36.22861858800047	Russia	Orsha
2573170	1944-15-04	49.55588581800049	25.605556256000455	Ukraine	Ternopil
2376269	1944-??-??	52.731686004000494	41.443259852000494	Russia	Tambow
2375830	1945-02-01	52.731686004000494	41.443259852000494	Russia	Tambow
2517863	1914-18-01	49.61666642400047	7.149998463000429	Germany	Ellweiler
2573171	1945-??-01	52.52436690100046	13.410526917000425	Germany	Berlin
2376091	1945-20-04	52.731686004000494	41.443259852000494	Russia	Tambow
2376092	????-??-??	52.731686004000494	41.443259852000494	Russia	Tambow
2375719	????-??-??	55.48789842400049	28.78559956500044	Belarus	Polotsk
2376093	1944-13-12	52.6549363150005	42.72235684700047	Russia	Kirsanow
2375654	1944-01-01	47.70556901100048	40.19926874100048	Russia	Nikopol
2376147	1945-18-03	52.731686004000494	41.443259852000494	Russia	Tambow
2537656	1945-07-01	47.498006930000486	19.03990987700047	Hungary	Budapest
2376148	1945-09-02	52.6549363150005	42.72235684700047	Russia	Kirsanow
2611300	1944-01-07	50.08332901400047	19.916666076000467	Poland	Cracovie
2376094	1945-20-01	52.731686004000494	41.443259852000494	Russia	Tambow
2375845	1945-??-??	52.731686004000494	41.443259852000494	Russia	Tambow
2536090	1943-01-09	52.965075794000484	36.078498409000474	Russia	Orel
2376133	1945-17-02	52.731686004000494	41.443259852000494	Russia	Tambow
2375863	1945-??-??	52.731686004000494	41.443259852000494	Russia	Tambow
2376407	1945-08-04	52.6549363150005	42.72235684700047	Russia	Kirsanow
2376172	1944-??-12	52.6549363150005	42.72235684700047	Russia	Kirsanow
2376149	1944-14-10	52.731686004000494	41.443259852000494	Russia	Tambow
2376261	1945-14-03	52.731686004000494	41.443259852000494	Russia	Tambow
2376307	1945-14-08	52.731686004000494	41.443259852000494	Russia	Tambow
2375711	1944-??-06	54.5080968690005	30.417199781000477	Belarus	Orscha
2376211	1945-10-07	52.6549363150005	42.72235684700047	Russia	Kirsanow
2376150	1945-26-02	52.6549363150005	42.72235684700047	Russia	Kirsanow
2488596	1944-22-10	52.22976904300049	21.011778898000443	Poland	Varsovie
2376095	1945-03-02	52.6549363150005	42.72235684700047	Russia	Kirsanow
2375765	1945-04-05	52.6549363150005	42.72235684700047	Russia	Kirsanow
2537683	1944-01-08	52.22976904300049	21.011778898000443	Poland	Warsaw
2375712	1944-??-06	57.925957575000496	29.36331680000046	Russia	Dubrowno
2375643	????-??-??	49.980805611000505	36.25271844900044	Ukraine	Kharkiv
2376025	1945-15-02	52.731686004000494	41.443259852000494	Russia	Tambow
2573175	1943-24-10	51.50471688300047	34.392776996000464	Russia	Akimovka
2376228	1944-10-12	52.731686004000494	41.443259852000494	Russia	Tambow
2537604	????-??-??	51.74999911700047	19.46666550800046	Poland	Lodz
2573057	1945-19-04	52.731686004000494	41.443259852000494	Russia	Tambow
3724531	1944-30-12	49.94144760400047	5.761088712000458	Belgium	Lutremange
2573177	1945-01-03	49.78497848900048	22.76727561900043	Poland	Przemysl
2537594	????-??-??	54.35204621700046	18.64636579900042	Poland	Gdansk
3719899	1944-04-01	42.26193856700047	14.307508820000464	Italy	Arielli
2375784	????-??-??	52.22976904300049	21.011778898000443	Poland	Varsovie
2375927	1945-01-03	52.52436690100046	13.410526917000425	Germany	Berlin
2376171	1945-25-06	52.731686004000494	41.443259852000494	Russia	Tambow
2375934	1944-26-07	43.48332818400047	11.033329364000451	Italy	Strada
2376213	1945-05-05	52.731686004000494	41.443259852000494	Russia	Tambow
2537678	1944-01-07	53.133329363000485	23.149998157000482	Poland	Bialystok
2376225	1945-19-09	52.6549363150005	42.72235684700047	Russia	Kirsanow
2376045	1944-05-12	52.731686004000494	41.443259852000494	Russia	Tambow
2375987	1945-22-01	52.731686004000494	41.443259852000494	Russia	Tambow
2376299	1945-14-02	52.731686004000494	41.443259852000494	Russia	Tambow
2757357	1944-01-01	52.22976904300049	21.011778898000443	Poland	Varsovie
2537579	1943-01-07	59.628057535000494	30.504995990000452	Russia	Ladoga
2375812	1945-01-01	51.7009669680005	17.963326411000423	Poland	Skalmierzyce
2376240	1945-17-03	52.6549363150005	42.72235684700047	Russia	Kirsanow
2376026	1945-13-08	52.731686004000494	41.443259852000494	Russia	Tambow
2376027	1944-16-12	52.6549363150005	42.72235684700047	Russia	Kirsanow
2376215	1945-01-02	52.731686004000494	41.443259852000494	Russia	Tambow
2376312	1945-20-08	52.731686004000494	41.443259852000494	Russia	Tambow
2611248	1945-01-01	52.032907012000464	10.668915701000458	Germany	Osterode
2375988	1944-14-01	52.731686004000494	41.443259852000494	Russia	Tambow
2537582	1944-01-01	58.51666965700048	31.283327922000467	Russia	Novgorod
2376096	1945-18-02	52.731686004000494	41.443259852000494	Russia	Tambow
2375778	1943-01-12	NA	NA	Ukraine	Raum
2488684	1943-05-12	NA	NA	Belarus	Jelenowo
2376028	1944-16-12	52.6549363150005	42.72235684700047	Russia	Kirsanow
2376097	1945-14-04	52.731686004000494	41.443259852000494	Russia	Tambow
2375955	1945-??-??	52.731686004000494	41.443259852000494	Russia	Tambow
2376300	1945-28-01	52.731686004000494	41.443259852000494	Russia	Tambow
2573182	1944-??-06	55.190398323000466	30.204899620000447	Belarus	Vitebsk
2375804	????-??-??	55.08391977200051	21.878509986000438	Russia	Tilsit
2375989	1945-20-01	52.731686004000494	41.443259852000494	Russia	Tambow
2375903	1943-28-10	NA	NA	Ukraine	Marjewka
2376282	1944-11-11	52.731686004000494	41.443259852000494	Russia	Tambow
2573183	1945-21-01	52.52436690100046	13.410526917000425	Germany	Berlin
2537642	1943-??-09	NA	NA	Russia	Wladimirskaja
2376151	1945-25-05	52.731686004000494	41.443259852000494	Russia	Tambow
2537583	1944-01-01	58.51666965700048	31.283327922000467	Russia	Brjasowa/Nowgorod
2537679	1919-09-05	47.3523593540005	8.278768298000443	Switzerland	Wohlen
2376309	1945-01-01	52.731686004000494	41.443259852000494	Russia	Tambow
2376152	1945-04-01	52.731686004000494	41.443259852000494	Russia	Tambow
2488593	????-??-??	56.94599853500051	24.10588883300045	Latvia	Riga
2376185	1945-08-04	52.6549363150005	42.72235684700047	Russia	Kirsanow
2375850	1945-25-01	52.731686004000494	41.443259852000494	Russia	Tambow
2376248	1945-04-01	52.731686004000494	41.443259852000494	Russia	Tambow
2376176	1945-06-06	52.731686004000494	41.443259852000494	Russia	Tambow
2376098	1945-10-04	52.731686004000494	41.443259852000494	Russia	Tambow
2659105	1944-??-??	52.52436690100046	13.410526917000425	Germany	Berlin
2376249	1945-02-01	52.731686004000494	41.443259852000494	Russia	Tambow
2376153	1945-04-02	52.731686004000494	41.443259852000494	Russia	Tambow
2376258	1945-19-04	52.6549363150005	42.72235684700047	Russia	Kirsanow
2573185	1944-??-06	NA	NA	Russia	Ssluzk
2375856	1945-10-02	52.731686004000494	41.443259852000494	Russia	Tambow
2376099	1944-22-01	52.731686004000494	41.443259852000494	Russia	Tambow
2376266	1945-??-??	52.731686004000494	41.443259852000494	Russia	Tambow
2573176	1944-??-08	68.97916823700052	33.09250937900049	Russia	Mourmansk
2376276	1945-04-09	52.731686004000494	41.443259852000494	Russia	Tambow
2611249	1922-10-12	49.278759909000485	7.036766011000452	Germany	Dudweiler
2376403	1945-24-08	52.731686004000494	41.443259852000494	Russia	Tambow
2375922	1944-01-02	51.086505994000504	25.007667311000432	Ukraine	Holoby
2376443	1945-23-08	52.731686004000494	41.443259852000494	Russia	Tambow
